float_id,cycle_number,latitude,longitude,datetime
1900270,309.0,-15.145,43.82,2013-10-04 14:15:09.998700544
1900270,310.0,-15.059,43.62,2013-10-15 05:24:19.000102912
1900270,311.0,-15.459,43.904,2013-10-25 18:36:06.999428096
1900272,309.0,1.793,49.158,2013-10-05 14:59:46.999504384
1900272,310.0,3.552,48.209,2013-10-16 03:11:12.000503040
1900272,311.0,4.246,49.16,2013-10-26 15:11:56.000739840
1900354 ,295.0,-12.119,45.338,2013-10-06 17:42:42.000845824
1900354 ,296.0,-12.44,46.128,2013-10-17 03:42:19.000797184
1900354 ,297.0,-12.352,45.839,2013-10-27 17:41:40.995818752
1900355,295.0,-5.642,73.8,2013-10-06 18:36:17.000426752
1900355,296.0,-5.191,73.427,2013-10-17 06:51:33.000119808
1900355,297.0,-5.095,74.362,2013-10-27 18:42:33.000638208
1900357 ,295.0,-15.857,52.031,2013-10-07 16:22:31.003642624
1900357 ,296.0,-15.826,52.835,2013-10-18 04:17:43.000051200
1900357 ,297.0,-15.254,53.182,2013-10-28 16:11:52.001036288
1900410 ,251.0,-41.94,96.46,2013-10-02 14:39:07.994033152
1900410 ,252.0,-41.514,96.369,2013-10-12 18:36:20.002783744
1900410 ,253.0,-41.032,96.513,2013-10-22 22:38:21.005165824
1900411 ,256.0,-29.008,40.029,2013-10-04 03:10:18.000269824
1900411 ,257.0,-29.332,40.611,2013-10-14 03:23:23.999948288
1900411 ,258.0,-29.704,41.509,2013-10-24 03:45:44.000245504
1900412 ,256.0,-22.411,50.694,2013-10-05 10:50:02.001284352
1900412 ,257.0,-22.374,50.13,2013-10-15 11:37:45.001485312
1900412 ,258.0,-22.221,49.87,2013-10-25 13:18:36.003228416
1900804,180.0,-60.023,138.91,2013-10-07 17:57:21.888000000
1900804,181.0,-60.03,139.365,2013-10-17 15:32:17.088000000
1900804,182.0,-59.917,139.556,2013-10-27 13:07:12.288000000
1900808,179.0,-36.385,101.838,2013-10-02 11:21:54.720000000
1900808,180.0,-35.72,101.678,2013-10-12 10:33:23.040000000
1900808,181.0,-35.296,101.392,2013-10-22 09:43:32.736000000
1900809,179.0,-40.972,108.79,2013-10-01 09:47:56.256000000
1900809,180.0,-41.127,108.893,2013-10-11 09:12:52.416000000
1900809,181.0,-41.291,108.992,2013-10-21 08:19:52.896000256
1900809,182.0,-41.309,109.006,2013-10-31 07:26:53.376000000
1900811,179.0,-24.715,51.119,2013-10-10 09:21:59.328000000
1900811,180.0,-25.267,51.31,2013-10-20 09:01:48.864000000
1900811,181.0,-26.214,51.422,2013-10-30 08:41:38.399999744
1900813,179.0,-28.885,62.939,2013-10-10 02:58:01.631999744
1900813,180.0,-29.138,62.944,2013-10-20 02:08:37.248000000
1900813,181.0,-29.287,62.59,2013-10-30 01:21:47.519999744
1900816 ,166.0,-2.724,45.674,2013-10-01 09:14:22.000986112
1900816 ,167.0,-2.696,44.055,2013-10-12 05:34:49.000585728
1900816 ,168.0,-2.768,43.121,2013-10-22 23:49:51.002538752
1900854 ,203.0,-54.339,111.452,2013-10-04 01:33:00.000000000
1900854 ,203.0,-54.339,111.452,2013-10-04 01:33:00.000000000
1900854 ,204.0,-53.718,111.58,2013-10-14 01:21:00.000000000
1900854 ,204.0,-53.718,111.58,2013-10-14 01:21:00.000000000
1900854 ,205.0,-52.901,111.844,2013-10-24 01:33:59.999999744
1900854 ,205.0,-52.901,111.844,2013-10-24 01:33:59.999999744
1900855 ,203.0,-58.362,93.993,2013-10-05 00:57:00.000000256
1900855 ,203.0,-58.362,93.993,2013-10-05 00:57:00.000000256
1900855 ,204.0,-59.332,95.048,2013-10-15 00:33:00.000000256
1900855 ,204.0,-59.332,95.048,2013-10-15 00:33:00.000000256
1900855 ,205.0,-59.588,96.436,2013-10-25 00:39:00.000000000
1900855 ,205.0,-59.588,96.436,2013-10-25 00:39:00.000000000
1900856 ,204.0,-55.482,138.72,2013-10-10 02:59:00.000000000
1900856 ,204.0,-55.482,138.72,2013-10-10 02:59:00.000000000
1900856 ,205.0,-55.103,139.04,2013-10-20 02:54:00.000000000
1900856 ,205.0,-55.103,139.04,2013-10-20 02:54:00.000000000
1900856 ,206.0,-54.714,138.75,2013-10-30 03:06:00.000000000
1900856 ,206.0,-54.714,138.75,2013-10-30 03:06:00.000000000
1900863 ,203.0,-54.355,120.377,2013-10-01 00:34:00.000000000
1900863 ,203.0,-54.355,120.377,2013-10-01 00:34:00.000000000
1900863 ,204.0,-53.694,121.622,2013-10-11 00:35:00.000000000
1900863 ,204.0,-53.694,121.622,2013-10-11 00:35:00.000000000
1900863 ,205.0,-52.907,121.555,2013-10-21 00:35:00.000000000
1900863 ,205.0,-52.907,121.555,2013-10-21 00:35:00.000000000
1900863 ,206.0,-52.36,121.061,2013-10-31 00:47:00.000000000
1900863 ,206.0,-52.36,121.061,2013-10-31 00:47:00.000000000
1900870 ,138.0,-28.735,47.629,2013-10-02 03:03:12.999999232
1900870 ,139.0,-28.871,48.078,2013-10-12 03:05:06.999984384
1900870 ,140.0,-28.699,48.758,2013-10-22 00:44:55.999981568
1900871 ,138.0,-39.016,60.61,2013-10-05 02:10:03.000001536
1900871 ,139.0,-37.796,60.864,2013-10-14 23:53:39.000014592
1900871 ,140.0,-36.266,60.697,2013-10-25 02:05:16.999983872
1900872 ,137.0,-40.542,71.796,2013-10-06 14:00:51.000018432
1900872 ,138.0,-40.272,73.177,2013-10-16 13:48:47.000002560
1900872 ,139.0,-38.566,74.297,2013-10-26 10:54:50.999999744
1900873 ,103.0,-39.708,89.854,2013-10-07 04:30:05.000013056
1900873 ,104.0,-39.863,89.298,2013-10-17 05:46:34.999980800
1900873 ,105.0,-38.69,89.463,2013-10-27 06:00:04.000018432
1900874 ,103.0,-38.155,58.199,2013-10-07 14:39:30.999987456
1900874 ,104.0,-38.64,59.321,2013-10-17 16:18:29.000006400
1900874 ,105.0,-39.539,59.622,2013-10-27 16:21:27.000006400
1900875 ,103.0,-38.796,73.901,2013-10-08 14:25:25.999984128
1900875 ,104.0,-38.123,73.908,2013-10-18 14:23:17.000000000
1900875 ,105.0,-38.169,72.914,2013-10-28 12:36:52.999986176
1900926 ,253.0,-43.033,97.572,2013-10-09 23:56:00.000000256
1900926 ,253.0,-43.033,97.572,2013-10-09 23:56:00.000000256
1900926 ,254.0,-42.763,98.528,2013-10-19 23:50:00.000000256
1900926 ,254.0,-42.763,98.528,2013-10-19 23:50:00.000000256
1900941 ,243.0,-50.729,49.178,2013-10-10 14:00:17.000001792
1900941 ,244.0,-50.724,49.351,2013-10-20 11:22:45.000002560
1900941 ,245.0,-50.746,49.844,2013-10-30 13:55:57.000003840
1900962,169.0,-52.688,79.849,2013-10-10 03:39:25.632000000
1900962,170.0,-52.665,79.515,2013-10-20 01:43:50.304000000
1900962,171.0,-52.212,81.095,2013-10-29 23:47:10.176000000
1900964,169.0,-54.978,64.674,2013-10-10 01:08:51.648000000
1900964,170.0,-55.224,64.563,2013-10-19 23:15:19.872000000
1900964,171.0,-55.389,64.674,2013-10-29 21:21:47.232000000
1900966,168.0,-38.821,20.836,2013-10-05 23:45:38.592000000
1900966,169.0,-41.087,21.308,2013-10-15 22:51:20.448000000
1900966,170.0,-40.586,21.203,2013-10-25 21:57:03.168000000
1900967,168.0,-38.886,76.718,2013-10-04 02:31:41.375999744
1900967,169.0,-39.374,76.896,2013-10-14 01:46:59.520000000
1900967,170.0,-39.969,76.511,2013-10-24 00:59:31.776000000
1900968,168.0,-49.501,129.504,2013-10-06 04:35:52.512000000
1900968,169.0,-49.452,130.632,2013-10-16 03:48:50.688000256
1900968,170.0,-49.281,131.789,2013-10-26 03:01:48.864000000
1900969,168.0,-31.95,38.715,2013-10-07 15:44:02.975999744
1900969,169.0,-31.485,37.476,2013-10-17 14:46:17.472000000
1900969,170.0,-30.546,37.111,2013-10-27 13:48:31.968000000
1900970,168.0,-42.698,64.679,2013-10-02 17:13:12.000000000
1900970,169.0,-42.619,63.7,2013-10-12 15:29:51.936000000
1900970,170.0,-41.184,65.636,2013-10-22 13:24:22.176000000
1900971,169.0,-34.089,72.753,2013-10-10 05:44:31.200000000
1900971,170.0,-34.514,73.448,2013-10-20 04:49:49.728000000
1900971,171.0,-35.004,73.71,2013-10-30 03:10:56.640000000
1900972,168.0,-40.475,44.085,2013-10-05 10:33:17.856000000
1900972,169.0,-40.478,44.606,2013-10-15 09:53:36.672000256
1900972,170.0,-40.509,44.988,2013-10-25 09:13:55.488000000
1900973 ,159.0,-51.674,79.547,2013-10-11 11:59:23.001265920
1900973 ,160.0,-52.33,80.794,2013-10-22 05:21:56.000566784
1900974 ,158.0,-46.508,69.576,2013-10-01 06:43:43.000706304
1900974 ,159.0,-45.936,72.051,2013-10-11 22:29:31.002402560
1900974 ,160.0,-46.213,72.707,2013-10-22 15:29:36.001651456
1900975 ,158.0,-54.388,76.147,2013-10-01 18:15:56.001952768
1900975 ,159.0,-54.731,76.051,2013-10-12 09:05:17.000972800
1900975 ,160.0,-54.841,76.509,2013-10-23 00:04:15.000005888
1900976 ,158.0,-42.121,67.236,2013-10-02 05:15:11.000060928
1900976 ,159.0,-43.197,66.602,2013-10-12 17:12:59.998397952
1900976 ,160.0,-43.903,65.698,2013-10-23 11:04:24.002323200
1900977 ,158.0,-50.254,85.024,2013-10-02 13:41:23.000562432
1900977 ,159.0,-50.094,87.082,2013-10-13 04:38:19.000590592
1900977 ,160.0,-49.815,87.376,2013-10-23 19:34:05.001404160
1900978 ,158.0,-51.606,109.305,2013-10-02 23:38:11.002522880
1900978 ,159.0,-51.087,110.22,2013-10-13 17:14:45.001843968
1900978 ,160.0,-50.522,111.911,2013-10-24 05:47:07.000604672
1900979 ,158.0,-40.203,75.451,2013-10-03 12:12:20.001304832
1900979 ,159.0,-40.283,75.552,2013-10-14 04:27:08.000468480
1900979 ,160.0,-40.658,75.342,2013-10-24 19:41:48.002097920
1900980 ,158.0,-46.593,90.444,2013-10-04 00:51:46.000074240
1900980 ,159.0,-47.114,90.299,2013-10-14 14:34:27.001551360
1900980 ,160.0,-47.604,90.314,2013-10-25 06:48:17.000713472
1901005 ,133.0,-48.519,47.566,2013-10-08 11:49:18.001251072
1901005 ,134.0,-48.745,47.423,2013-10-18 12:04:09.001293056
1901005 ,135.0,-48.966,48.155,2013-10-28 11:53:16.001257216
1901006 ,134.0,-46.884862,34.934147,2013-10-20 08:59:43.000944128
1901006 ,135.0,-46.928169,34.9576,2013-10-30 08:58:47.000942592
1901045 ,155.0,1.806,55.809,2013-10-07 03:14:04.000050176
1901045 ,156.0,1.735,55.618,2013-10-17 07:12:55.998112256
1901045 ,157.0,1.98,55.444,2013-10-27 11:21:03.998793472
1901046 ,155.0,2.541,52.883,2013-10-06 20:03:38.998137600
1901046 ,156.0,2.49,53.456,2013-10-17 00:00:34.000015872
1901046 ,157.0,2.8,54.334,2013-10-27 03:45:19.999690752
1901049 ,155.0,-5.118,58.032,2013-10-07 18:44:57.999571968
1901049 ,156.0,-5.677,58.64,2013-10-17 22:38:28.003799040
1901049 ,157.0,-6.002,59.304,2013-10-28 02:21:11.999710208
1901058 ,213.0,-57.572,68.547,2013-10-01 19:59:25.000002048
1901058 ,214.0,-58.022,69.214,2013-10-11 21:42:42.000004096
1901058 ,215.0,-58.03,67.982,2013-10-21 22:48:19.000003584
1901058 ,216.0,-57.366,67.872,2013-10-31 20:29:03.000004096
1901060 ,208.0,-26.316,85.947,2013-10-03 04:47:53.999998464
1901060 ,209.0,-26.466,85.826,2013-10-13 04:37:12.000000512
1901060 ,210.0,-26.599,85.755,2013-10-23 04:36:20.999995392
1901062 ,208.0,-30.399,82.198,2013-10-04 00:42:09.999996672
1901062 ,209.0,-30.258,82.353,2013-10-14 03:17:38.000004608
1901062 ,210.0,-30.197,82.494,2013-10-24 03:17:24.000000256
1901064 ,208.0,-36.052,91.798,2013-10-04 13:04:54.000001280
1901064 ,209.0,-36.14,91.801,2013-10-14 12:12:12.000002560
1901064 ,210.0,-36.433,91.668,2013-10-24 13:03:40.000000256
1901070 ,186.0,-30.499,86.439,2013-10-09 07:44:26.000000000
1901070 ,187.0,-30.886,86.478,2013-10-19 08:51:26.999996416
1901070 ,188.0,-31.483,86.406,2013-10-29 07:41:16.999999232
1901116 ,163.0,-44.04,76.486,2013-10-03 16:50:16.997905152
1901116 ,164.0,-44.573,75.289,2013-10-13 20:26:31.997333760
1901116 ,165.0,-44.015,75.788,2013-10-24 00:43:06.999885312
1901117 ,161.0,-27.86,68.353,2013-10-04 15:49:45.999292672
1901117 ,162.0,-28.116,68.124,2013-10-14 19:17:50.002555136
1901117 ,163.0,-28.624,67.902,2013-10-24 23:43:44.998852608
1901118 ,161.0,-26.92,49.037,2013-10-05 19:46:58.000034048
1901118 ,161.0,-26.92,49.037,2013-10-05 19:46:58.000034048
1901118 ,162.0,-26.923,47.634,2013-10-15 23:34:56.998214400
1901118 ,162.0,-26.923,47.634,2013-10-15 23:34:56.998214400
1901118 ,163.0,-27.404,46.924,2013-10-26 03:13:19.999519744
1901118 ,163.0,-27.404,46.924,2013-10-26 03:13:19.999519744
1901124 ,181.0,-12.141,52.557,2013-10-01 23:57:41.500006912
1901124 ,182.0,-12.265,52.96,2013-10-12 01:49:40.999991296
1901124 ,183.0,-12.855,52.888,2013-10-21 23:34:57.000025088
1901126 ,181.0,-32.727,63.193,2013-10-03 07:14:08.000013824
1901126 ,182.0,-33.255,63.469,2013-10-13 09:24:58.999996416
1901126 ,183.0,-33.385,63.74,2013-10-23 06:57:55.000020736
1901127 ,181.0,-22.135,56.678,2013-10-03 21:11:43.000008960
1901127 ,182.0,-21.959,56.246,2013-10-13 23:47:49.999976448
1901127 ,183.0,-21.826,55.701,2013-10-23 23:56:20.000026624
1901128 ,180.0,-55.005,117.14,2013-10-01 15:16:05.000036352
1901128 ,181.0,-54.549,118.422,2013-10-11 16:49:29.499993344
1901128 ,182.0,-54.439,119.552,2013-10-21 15:08:36.999971840
1901128 ,183.0,-54.249,121.285,2013-10-31 17:01:45.000007168
1901129 ,180.0,-32.736,76.699,2013-10-03 01:06:18.999982848
1901129 ,181.0,-32.05,76.832,2013-10-13 01:09:58.000001792
1901129 ,182.0,-31.872,77.245,2013-10-23 01:14:26.500014080
1901130 ,180.0,-45.874,129.773,2013-10-03 14:04:41.999972352
1901130 ,181.0,-46.05,129.978,2013-10-13 13:56:03.499988736
1901130 ,182.0,-46.247,130.203,2013-10-23 14:00:04.999986176
1901131 ,180.0,-41.362,128.839,2013-10-04 19:18:45.999994624
1901131 ,181.0,-41.712,128.277,2013-10-14 19:24:08.499995392
1901131 ,182.0,-41.724,128.59,2013-10-24 17:53:47.499988736
1901132 ,180.0,-35.316,81.578,2013-10-05 13:56:02.000016896
1901132 ,181.0,-35.01,81.961,2013-10-15 13:48:23.499989248
1901132 ,182.0,-34.928,82.149,2013-10-25 13:52:21.500026112
1901134 ,179.0,-38.456,101.818,2013-10-10 07:51:08.999996672
1901134 ,180.0,-38.626,102.164,2013-10-20 07:24:53.000015616
1901134 ,181.0,-37.922,101.875,2013-10-30 06:42:07.000013056
1901145 ,139.0,-45.614,143.544,2013-10-31 16:15:30.000011520
1901148 ,106.0,-42.072,80.912,2013-10-10 07:33:35.000000512
1901148 ,107.0,-42.273,82.128,2013-10-20 00:59:13.999994624
1901148 ,108.0,-43.019,81.717,2013-10-29 20:39:13.999999232
1901149 ,105.0,-44.703,90.547,2013-10-02 08:41:05.000000512
1901149 ,106.0,-44.664,91.155,2013-10-12 04:03:34.999987200
1901149 ,107.0,-44.493,91.707,2013-10-21 23:36:15.000004352
1901149 ,108.0,-44.283,91.768,2013-10-31 16:08:26.000018176
1901150 ,105.0,-48.314,90.035,2013-10-03 13:03:54.999999488
1901150 ,106.0,-48.275,90.074,2013-10-13 08:44:15.000016128
1901150 ,107.0,-48.43,90.259,2013-10-23 01:39:04.999980800
1901151 ,105.0,-43.637,79.907,2013-10-04 23:44:33.999993600
1901151 ,106.0,-43.551,80.215,2013-10-14 19:40:03.999982848
1901151 ,107.0,-43.564,80.102,2013-10-24 12:27:24.000014592
1901152 ,100.0,-41.764,61.748,2013-10-06 06:26:25.000012800
1901152 ,101.0,-41.583,61.412,2013-10-16 08:45:06.999975424
1901152 ,102.0,-40.894,61.329,2013-10-26 06:24:29.999992832
1901153 ,100.0,-37.886,58.463,2013-10-08 03:00:05.000013056
1901153 ,101.0,-38.64,59.821,2013-10-18 00:08:26.999985920
1901153 ,102.0,-39.246,59.884,2013-10-28 00:29:15.000016128
1901154 ,100.0,-45.647,101.205,2013-10-08 14:24:37.000008448
1901154 ,101.0,-46.058,103.613,2013-10-18 14:52:34.000005120
1901154 ,102.0,-46.71,106.638,2013-10-28 17:17:51.999992320
1901155 ,100.0,-51.292,131.434,2013-10-09 02:18:31.000022272
1901155 ,101.0,-51.371,132.084,2013-10-19 04:48:24.000006656
1901155 ,102.0,-51.465,132.562,2013-10-29 01:59:47.999957760
1901157 ,98.0,-56.248,111.834,2013-10-10 16:37:55.999993088
1901157 ,99.0,-56.407,112.403,2013-10-20 13:57:01.000018688
1901157 ,100.0,-56.524,113.088,2013-10-30 16:44:14.999989248
1901158 ,97.0,-37.957,75.358,2013-10-01 01:17:53.000000512
1901158 ,98.0,-38.058,75.479,2013-10-11 00:44:22.999999488
1901158 ,99.0,-38.349,76.596,2013-10-21 01:18:04.999975680
1901158 ,100.0,-38.256,77.204,2013-10-31 00:52:59.000017152
1901160 ,92.0,-13.965,55.77,2013-10-04 11:13:03.999985408
1901160 ,93.0,-13.634429799858971,55.01924719606525,2013-10-14 04:28:52.000006656
1901160 ,94.0,-13.301,54.262,2013-10-24 00:19:24.999997696
1901161 ,92.0,-13.784,52.711,2013-10-07 19:16:24.000000256
1901161 ,93.0,-13.722,52.604,2013-10-17 12:33:34.000019456
1901161 ,94.0,-13.631,52.199,2013-10-27 08:30:34.000003328
1901162 ,90.0,-16.469,51.107,2013-10-08 08:37:00.000001792
1901162 ,91.0,-15.869,51.0,2013-10-18 09:20:47.999990016
1901162 ,92.0,-15.605,51.062,2013-10-28 07:27:27.000025088
1901163 ,90.0,-6.684,51.744,2013-10-09 12:41:25.999993856
1901163 ,91.0,-6.64,50.266,2013-10-19 14:33:43.999978496
1901163 ,92.0,-6.863,49.282,2013-10-29 15:41:17.000002560
1901164 ,89.0,-4.693,39.832,2013-10-02 14:19:09.000017408
1901164 ,90.0,-4.561,39.753,2013-10-12 14:50:02.999979264
1901164 ,91.0,-4.217,39.826,2013-10-22 12:54:38.999997696
1901165 ,89.0,-8.304,53.077,2013-10-03 05:18:30.999982080
1901165 ,90.0,-7.863,51.942,2013-10-13 05:55:25.000003072
1901165 ,91.0,-7.56,51.538,2013-10-23 06:52:13.999979520
1901166 ,89.0,-7.512,48.602,2013-10-05 00:00:49.000015872
1901166 ,90.0,-7.107,48.249,2013-10-14 22:36:33.999995392
1901166 ,91.0,-7.017,48.309,2013-10-24 23:55:51.999977216
1901168 ,87.0,-43.111,26.264,2013-10-06 17:25:53.999993088
1901168 ,88.0,-43.369,25.212,2013-10-16 12:58:55.000017408
1901168 ,89.0,-43.069,25.856,2013-10-26 06:22:44.999999232
1901177 ,107.0,-48.95,48.245,2013-10-05 01:32:00.000000000
1901177 ,107.0,-48.95,48.245,2013-10-05 01:32:00.000000000
1901177 ,108.0,-49.06,48.452,2013-10-15 01:32:00.000000000
1901177 ,108.0,-49.06,48.452,2013-10-15 01:32:00.000000000
1901177 ,109.0,-48.825,48.519,2013-10-25 01:38:00.000000000
1901177 ,109.0,-48.825,48.519,2013-10-25 01:38:00.000000000
1901179 ,138.0,-57.675,40.071,2013-10-07 00:22:00.000000000
1901179 ,138.0,-57.675,40.071,2013-10-07 00:22:00.000000000
1901179 ,139.0,-57.687,40.478,2013-10-17 00:22:00.000000000
1901179 ,139.0,-57.687,40.478,2013-10-17 00:22:00.000000000
1901179 ,140.0,-57.601,40.659,2013-10-27 00:27:59.999999744
1901179 ,140.0,-57.601,40.659,2013-10-27 00:27:59.999999744
1901180 ,138.0,-49.707,23.802,2013-10-07 00:21:00.000000000
1901180 ,138.0,-49.707,23.802,2013-10-07 00:21:00.000000000
1901180 ,139.0,-49.527,23.582,2013-10-17 00:21:00.000000000
1901180 ,139.0,-49.527,23.582,2013-10-17 00:21:00.000000000
1901180 ,140.0,-49.067,23.635,2013-10-27 00:27:00.000000000
1901180 ,140.0,-49.067,23.635,2013-10-27 00:27:00.000000000
1901182 ,107.0,-49.848,48.455,2013-10-03 01:53:00.000000000
1901182 ,107.0,-49.848,48.455,2013-10-03 01:53:00.000000000
1901182 ,108.0,-50.393,48.739,2013-10-13 01:36:00.000000000
1901182 ,108.0,-50.393,48.739,2013-10-13 01:36:00.000000000
1901182 ,109.0,-50.806,49.213,2013-10-23 01:36:00.000000000
1901182 ,109.0,-50.806,49.213,2013-10-23 01:36:00.000000000
1901184 ,108.0,-56.026,53.074,2013-10-09 01:22:00.000000000
1901184 ,108.0,-56.026,53.074,2013-10-09 01:22:00.000000000
1901184 ,109.0,-56.19,52.509,2013-10-19 01:22:00.000000000
1901184 ,109.0,-56.19,52.509,2013-10-19 01:22:00.000000000
1901184 ,110.0,-56.637,52.272,2013-10-29 01:34:00.000000256
1901184 ,110.0,-56.637,52.272,2013-10-29 01:34:00.000000256
1901185 ,187.0,12.416,58.214,2013-10-02 01:33:00.000000256
1901185 ,187.0,12.416,58.214,2013-10-02 01:33:00.000000256
1901185 ,188.0,12.561,58.109,2013-10-07 01:39:00.000000256
1901185 ,188.0,12.561,58.109,2013-10-07 01:39:00.000000256
1901185 ,189.0,12.651,58.042,2013-10-12 01:28:00.000000000
1901185 ,189.0,12.651,58.042,2013-10-12 01:28:00.000000000
1901185 ,190.0,12.64,57.828,2013-10-16 23:58:00.000000000
1901185 ,190.0,12.64,57.828,2013-10-16 23:58:00.000000000
1901185 ,191.0,12.65,57.586,2013-10-22 01:40:00.000000000
1901185 ,191.0,12.65,57.586,2013-10-22 01:40:00.000000000
1901185 ,192.0,12.632,57.287,2013-10-27 01:40:00.000000000
1901185 ,192.0,12.632,57.287,2013-10-27 01:40:00.000000000
1901186 ,186.0,15.44,65.578,2013-10-01 01:46:00.000000000
1901186 ,186.0,15.44,65.578,2013-10-01 01:46:00.000000000
1901186 ,187.0,15.261,65.625,2013-10-06 01:52:00.000000000
1901186 ,187.0,15.261,65.625,2013-10-06 01:52:00.000000000
1901186 ,188.0,15.089,65.633,2013-10-11 01:46:00.000000000
1901186 ,188.0,15.089,65.633,2013-10-11 01:46:00.000000000
1901186 ,189.0,14.977,65.71,2013-10-16 01:46:00.000000000
1901186 ,189.0,14.977,65.71,2013-10-16 01:46:00.000000000
1901186 ,190.0,14.964,65.79,2013-10-21 01:57:59.999999744
1901186 ,190.0,14.964,65.79,2013-10-21 01:57:59.999999744
1901186 ,191.0,15.01,65.781,2013-10-26 01:40:00.000000000
1901186 ,191.0,15.01,65.781,2013-10-26 01:40:00.000000000
1901186 ,192.0,15.073,65.806,2013-10-31 01:33:59.999999744
1901186 ,192.0,15.073,65.806,2013-10-31 01:33:59.999999744
1901190 ,108.0,-37.107,72.357,2013-10-03 01:36:00.000000000
1901190 ,108.0,-37.107,72.357,2013-10-03 01:36:00.000000000
1901190 ,109.0,-36.887,72.422,2013-10-13 01:48:00.000000000
1901190 ,109.0,-36.887,72.422,2013-10-13 01:48:00.000000000
1901190 ,110.0,-37.064,72.379,2013-10-23 01:48:00.000000000
1901190 ,110.0,-37.064,72.379,2013-10-23 01:48:00.000000000
1901191 ,66.0,-47.634,54.173,2013-10-05 23:49:00.000000000
1901191 ,66.0,-47.634,54.173,2013-10-05 23:49:00.000000000
1901191 ,67.0,-47.407,54.643,2013-10-15 23:49:00.000000000
1901191 ,67.0,-47.407,54.643,2013-10-15 23:49:00.000000000
1901191 ,68.0,-47.532,54.934,2013-10-25 23:44:00.000000000
1901191 ,68.0,-47.532,54.934,2013-10-25 23:44:00.000000000
1901193 ,66.0,-53.313,56.726,2013-10-07 01:36:00.000000000
1901193 ,66.0,-53.313,56.726,2013-10-07 01:36:00.000000000
1901193 ,67.0,-53.633,57.042,2013-10-17 01:30:00.000000000
1901193 ,67.0,-53.633,57.042,2013-10-17 01:30:00.000000000
1901193 ,68.0,-53.874,57.157,2013-10-27 01:36:00.000000000
1901193 ,68.0,-53.874,57.157,2013-10-27 01:36:00.000000000
1901201 ,107.0,-56.099,38.9,2013-10-03 01:25:00.000000256
1901201 ,107.0,-56.099,38.9,2013-10-03 01:25:00.000000256
1901201 ,108.0,-56.065,39.501,2013-10-13 01:25:00.000000256
1901201 ,108.0,-56.065,39.501,2013-10-13 01:25:00.000000256
1901201 ,109.0,-56.062,40.113,2013-10-23 01:19:00.000000000
1901201 ,109.0,-56.062,40.113,2013-10-23 01:19:00.000000000
1901202 ,185.0,18.926,61.749,2013-10-02 01:46:00.000000000
1901202 ,185.0,18.926,61.749,2013-10-02 01:46:00.000000000
1901202 ,186.0,18.969,61.592,2013-10-07 01:41:00.000000256
1901202 ,186.0,18.969,61.592,2013-10-07 01:41:00.000000256
1901202 ,187.0,18.987,61.395,2013-10-12 01:53:00.000000000
1901202 ,187.0,18.987,61.395,2013-10-12 01:53:00.000000000
1901202 ,188.0,18.947,61.19,2013-10-17 01:47:00.000000256
1901202 ,188.0,18.947,61.19,2013-10-17 01:47:00.000000256
1901202 ,189.0,18.899,60.939,2013-10-22 01:53:00.000000000
1901202 ,189.0,18.899,60.939,2013-10-22 01:53:00.000000000
1901202 ,190.0,18.753,60.793,2013-10-27 01:53:00.000000000
1901202 ,190.0,18.753,60.793,2013-10-27 01:53:00.000000000
1901207 ,110.0,-43.906,67.609,2013-10-06 19:38:00.000000000
1901207 ,110.0,-43.906,67.609,2013-10-06 19:38:00.000000000
1901207 ,111.0,-43.871,71.949,2013-10-16 19:44:00.000000256
1901207 ,111.0,-43.871,71.949,2013-10-16 19:44:00.000000256
1901207 ,112.0,-41.748,73.344,2013-10-26 19:38:00.000000000
1901207 ,112.0,-41.748,73.344,2013-10-26 19:38:00.000000000
1901221 ,176.0,-40.964,28.413,2013-10-10 03:43:55.000000512
1901221 ,177.0,-40.98,27.752,2013-10-20 01:06:04.000003840
1901221 ,178.0,-41.098,27.518,2013-10-30 03:43:36.000003072
1901224 ,175.0,-56.238,33.475,2013-10-01 05:01:44.999997184
1901224 ,176.0,-55.832,33.406,2013-10-11 02:20:00.000002304
1901224 ,177.0,-55.2,31.018,2013-10-21 04:55:05.999998720
1901224 ,178.0,-54.32,31.775,2013-10-31 02:25:41.000003328
1901226 ,175.0,-49.751,43.75,2013-10-01 18:50:17.999995136
1901226 ,176.0,-49.717,44.609,2013-10-11 21:17:20.000001792
1901226 ,177.0,-48.986,45.266,2013-10-21 18:36:02.999995904
1901226 ,178.0,-48.439,45.595,2013-10-31 21:13:11.999998976
1901227 ,175.0,-46.782,46.848,2013-10-02 08:49:57.999996416
1901227 ,176.0,-46.424,46.366,2013-10-12 11:23:46.000003584
1901227 ,177.0,-46.487,45.866,2013-10-22 11:16:40.000000768
1901247 ,140.0,-50.035,38.223,2013-10-09 15:08:31.000004352
1901247 ,141.0,-50.104,38.883,2013-10-19 12:34:36.000005120
1901247 ,142.0,-49.87,39.731,2013-10-29 14:58:53.999995904
1901262 ,96.0,-26.949,43.599,2013-10-07 10:14:51.999996416
1901262 ,97.0,-28.161,42.348,2013-10-17 07:51:28.000004352
1901262 ,98.0,-27.312,40.938,2013-10-27 10:15:04.000001792
1901263 ,95.0,-9.195,46.804,2013-10-01 10:38:02.000000768
1901263 ,96.0,-9.433,46.952,2013-10-11 07:50:12.000004096
1901263 ,97.0,-9.815,46.718,2013-10-21 10:33:49.999999744
1901263 ,98.0,-10.05,46.648,2013-10-31 07:51:52.000004864
1901274 ,69.0,-9.018,46.987,2013-10-01 09:06:27.000003072
1901274 ,70.0,-9.255,47.124,2013-10-11 08:23:37.000002048
1901274 ,71.0,-9.264,47.001,2013-10-21 08:18:20.000001536
1901274 ,72.0,-9.963,46.986,2013-10-31 10:37:12.000000512
1901275 ,69.0,-7.617,58.12,2013-10-02 02:19:36.000001536
1901275 ,70.0,-7.803,57.802,2013-10-11 23:44:56.999999488
1901275 ,71.0,-7.273,57.578,2013-10-22 02:24:10.999998720
1901307 ,11.0,-15.657,55.061,2013-10-04 07:50:46.000000768
1901307 ,12.0,-15.84,55.088,2013-10-14 07:38:35.999997440
1901307 ,13.0,-16.304,55.146,2013-10-24 10:17:23.000002304
1901308 ,11.0,-12.804,55.118,2013-10-05 03:31:09.999995904
1901308 ,12.0,-12.518,54.639,2013-10-15 01:23:52.000004608
1901308 ,13.0,-12.36,54.073,2013-10-25 03:29:16.000000512
1901309 ,16.0,-27.406,36.856,2013-10-03 15:42:52.000000256
1901309 ,17.0,-28.65,35.698,2013-10-09 06:03:16.999997696
1901309 ,18.0,-29.218,32.861,2013-10-14 19:29:48.000004864
1901309 ,19.0,-30.345,31.365,2013-10-20 07:26:43.000002304
1901309 ,20.0,-33.133,28.481,2013-10-25 23:11:50.000004608
1901309 ,21.0,-35.32,24.157,2013-10-31 13:31:32.999998464
1901310 ,16.0,-27.715,34.163,2013-10-03 14:33:14.000000512
1901310 ,17.0,-27.935,35.335,2013-10-09 05:12:57.000003328
1901310 ,18.0,-28.816,35.417,2013-10-14 18:31:59.999996160
1901310 ,19.0,-29.67,32.758,2013-10-20 09:10:15.000003584
1901310 ,20.0,-31.629,30.151,2013-10-25 22:52:46.000003840
1901310 ,21.0,-34.469,26.87,2013-10-31 12:30:52.999997440
1901311 ,16.0,-27.586,34.23,2013-10-03 17:08:47.999995904
1901311 ,17.0,-28.035,35.523,2013-10-09 08:05:41.000004608
1901311 ,18.0,-28.885,35.365,2013-10-14 21:02:58.000000000
1901311 ,19.0,-29.698,32.648,2013-10-20 12:07:30.999997952
1901311 ,20.0,-31.883,29.996,2013-10-26 01:00:12.999996416
1901311 ,21.0,-34.59,26.384,2013-10-31 15:14:09.999996160
1901319 ,87.0,-31.794,40.89,2013-10-07 21:12:34.000014080
1901319 ,88.0,-31.955,39.537,2013-10-17 14:20:34.999993344
1901319 ,89.0,-32.206,38.259,2013-10-27 09:49:04.999998720
1901320 ,85.0,-21.883,50.384,2013-10-09 19:48:31.000008960
1901320 ,86.0,-22.058,50.163,2013-10-19 22:24:15.000020480
1901320 ,87.0,-22.057,50.126,2013-10-29 19:14:11.999992064
1901321 ,86.0,-27.759,51.103,2013-10-02 13:03:54.999999488
1901321 ,87.0,-27.737,50.302,2013-10-12 08:30:14.999985664
1901321 ,88.0,-27.867,49.656,2013-10-22 03:58:35.000005120
1901321 ,89.0,-27.935,49.287,2013-10-31 20:50:35.000006912
1901322 ,86.0,-23.795,61.591,2013-10-05 01:22:34.999999744
1901322 ,87.0,-23.683,61.689,2013-10-14 20:58:04.999980032
1901322 ,88.0,-23.669,61.891,2013-10-24 15:30:24.999998464
1901323 ,86.0,-28.332,60.801,2013-10-07 02:58:04.999980032
1901323 ,87.0,-27.948,60.614,2013-10-16 22:19:35.000010496
1901323 ,88.0,-27.56,60.633,2013-10-26 17:40:05.000004096
1901324 ,84.0,-23.677,56.64,2013-10-08 15:32:53.000000512
1901324 ,85.0,-23.728,56.824,2013-10-18 15:34:27.000013568
1901324 ,86.0,-23.881,56.875,2013-10-28 15:24:59.999991040
1901325 ,75.0,-11.738,67.297,2013-10-01 15:40:26.999992064
1901325 ,76.0,-11.864,67.727,2013-10-11 15:51:32.000006144
1901325 ,77.0,-12.448,68.298,2013-10-21 15:43:32.999988992
1901325 ,78.0,-12.996,68.914,2013-10-31 15:52:26.999989504
1901327 ,73.0,-0.747,42.908,2013-10-08 12:15:01.000021504
1901327 ,74.0,0.127,46.186,2013-10-18 12:28:55.000003840
1901327 ,75.0,1.17,47.225,2013-10-28 11:20:00.999976704
1901330 ,71.0,0.15,57.612,2013-10-08 19:02:40.999998464
1901330 ,72.0,0.432,57.411,2013-10-18 21:20:39.999993088
1901330 ,73.0,-0.159,57.315,2013-10-28 19:15:27.999982336
1901331 ,2.0,-10.478,78.184,2013-10-02 04:20:29.999993856
1901331 ,3.0,-10.635,78.269,2013-10-12 00:25:59.999987456
1901331 ,4.0,-10.872,78.259,2013-10-21 18:28:10.000006656
1901331 ,5.0,-11.074,78.295,2013-10-31 13:40:39.999988736
1901332 ,2.0,-10.387,76.778,2013-10-02 05:32:40.000003840
1901332 ,3.0,-10.738,76.285,2013-10-11 23:19:53.000019968
1901332 ,4.0,-10.93,75.863,2013-10-21 17:47:16.999994624
1901332 ,5.0,-11.034,75.529,2013-10-31 14:09:08.000018176
1901369 ,161.0,-29.347,78.957,2013-10-01 13:45:51.997371904
1901369 ,162.0,-29.326,79.272,2013-10-11 17:40:21.997257472
1901369 ,163.0,-29.478,79.182,2013-10-21 21:40:27.998535424
1901371 ,163.0,-41.617,31.915,2013-10-08 19:29:35.000376064
1901371 ,164.0,-41.951,31.979,2013-10-18 23:48:16.998019328
1901371 ,165.0,-42.171,31.918,2013-10-29 03:24:36.000161280
1901372 ,163.0,-44.452,28.188,2013-10-07 09:43:54.002487552
1901372 ,164.0,-44.271,29.043,2013-10-17 13:43:05.003469056
1901372 ,165.0,-44.186,29.789,2013-10-27 17:41:22.997126144
1901374 ,162.0,-31.763,45.548,2013-10-07 00:12:56.000053504
1901374 ,162.0,-31.763,45.548,2013-10-07 00:12:56.000053504
1901374 ,163.0,-32.055,45.295,2013-10-17 04:39:40.000875776
1901374 ,163.0,-32.055,45.295,2013-10-17 04:39:40.000875776
1901374 ,164.0,-32.304,45.035,2013-10-27 07:48:50.997850624
1901374 ,164.0,-32.304,45.035,2013-10-27 07:48:50.997850624
1901375 ,163.0,-31.798,58.919,2013-10-05 02:13:31.000077312
1901375 ,164.0,-31.613,59.194,2013-10-15 07:01:57.001241344
1901375 ,165.0,-31.355,59.549,2013-10-25 10:13:43.999783680
1901376 ,164.0,-35.497,59.188,2013-10-08 15:57:39.001916160
1901376 ,165.0,-35.631,58.863,2013-10-18 19:50:56.996724480
1901376 ,166.0,-35.996,58.866,2013-10-29 00:00:55.999978496
1901380 ,135.0,-40.986,96.217,2013-10-09 02:01:14.000214528
1901380 ,135.0,-40.986,96.217,2013-10-09 02:01:14.000214528
1901380 ,136.0,-40.624,96.684,2013-10-19 05:57:12.000591360
1901380 ,136.0,-40.624,96.684,2013-10-19 05:57:12.000591360
1901380 ,137.0,-40.194,97.321,2013-10-29 10:05:09.998986496
1901380 ,137.0,-40.194,97.321,2013-10-29 10:05:09.998986496
1901381 ,137.0,-27.666,42.813,2013-10-08 19:20:49.999804672
1901381 ,138.0,-27.199,42.785,2013-10-18 22:38:11.004175872
1901381 ,139.0,-27.724,40.618,2013-10-29 02:55:22.000258560
1901382 ,137.0,-21.407,60.863,2013-10-07 18:46:39.997320960
1901382 ,138.0,-21.281,60.434,2013-10-17 23:21:33.996614400
1901382 ,139.0,-21.237,60.082,2013-10-28 03:13:55.999772928
1901383 ,137.0,-24.204,60.777,2013-10-06 22:34:13.001404672
1901383 ,138.0,-23.935,61.011,2013-10-17 02:34:20.000464384
1901383 ,139.0,-23.736,61.105,2013-10-27 06:34:25.997888512
1901384 ,137.0,-22.616,69.966,2013-10-05 20:24:36.998519040
1901384 ,137.0,-22.616,69.966,2013-10-05 20:24:36.998519040
1901384 ,138.0,-22.71,69.698,2013-10-16 00:25:26.000014080
1901384 ,138.0,-22.71,69.698,2013-10-16 00:25:26.000014080
1901384 ,139.0,-22.621,69.544,2013-10-26 04:28:28.000658176
1901384 ,139.0,-22.621,69.544,2013-10-26 04:28:28.000658176
1901388 ,138.0,-26.202,108.964,2013-10-10 16:16:01.003304704
1901388 ,138.0,-26.202,108.964,2013-10-10 16:16:01.003304704
1901388 ,139.0,-26.756,107.839,2013-10-20 20:13:48.999141120
1901388 ,139.0,-26.756,107.839,2013-10-20 20:13:48.999141120
1901388 ,140.0,-27.154,106.464,2013-10-31 00:10:04.000022272
1901388 ,140.0,-27.154,106.464,2013-10-31 00:10:04.000022272
1901389,137.0,-26.61,89.184,2013-10-04 01:48:05.000391424
1901389,138.0,-26.314,89.356,2013-10-14 05:40:56.999444224
1901389,139.0,-26.308,89.229,2013-10-24 09:49:03.000691200
1901393 ,137.0,-31.726,31.622,2013-10-10 17:46:20.997845504
1901393 ,138.0,-31.797,32.066,2013-10-20 22:08:50.000490240
1901393 ,139.0,-31.846,31.965,2013-10-31 02:24:48.000150528
1901395 ,137.0,-22.564,68.156,2013-10-04 17:57:03.002808832
1901395 ,138.0,-22.602,68.164,2013-10-14 22:02:50.999902208
1901395 ,139.0,-22.592,68.385,2013-10-25 02:08:40.000574464
1901396 ,137.0,-23.804,87.032,2013-10-02 03:39:23.001102848
1901396 ,138.0,-23.555,86.373,2013-10-12 07:48:10.999316224
1901396 ,139.0,-23.0,86.194,2013-10-22 11:55:01.996991232
1901397 ,137.0,-24.369,72.416,2013-10-03 07:30:58.000371968
1901397 ,138.0,-24.495,72.045,2013-10-13 11:46:55.002241792
1901397 ,139.0,-24.654,71.426,2013-10-23 15:28:21.000587520
1901400 ,136.0,-38.077,59.774,2013-10-04 13:08:06.999313920
1901400 ,137.0,-37.849,60.723,2013-10-14 17:16:37.000113408
1901400 ,138.0,-36.283,60.551,2013-10-24 21:10:10.001556480
1901401 ,136.0,-41.12,24.7,2013-10-01 12:10:37.002178560
1901401 ,137.0,-40.115,24.077,2013-10-11 16:14:50.999216640
1901401 ,138.0,-40.192,24.486,2013-10-21 20:09:46.995505920
1901402 ,134.0,-36.821,101.119,2013-10-07 12:22:02.000308736
1901402 ,134.0,-36.821,101.119,2013-10-07 12:22:02.000308736
1901402 ,135.0,-36.647,101.18,2013-10-17 16:21:25.005568256
1901402 ,135.0,-36.647,101.18,2013-10-17 16:21:25.005568256
1901402 ,136.0,-36.363,101.18,2013-10-27 20:16:37.002411776
1901402 ,136.0,-36.363,101.18,2013-10-27 20:16:37.002411776
1901404 ,136.0,-49.072,126.371,2013-10-06 23:31:14.998857472
1901404 ,136.0,-49.072,126.371,2013-10-06 23:31:14.998857472
1901404 ,137.0,-49.198,129.066,2013-10-17 03:34:34.999809536
1901404 ,137.0,-49.198,129.066,2013-10-17 03:34:34.999809536
1901404 ,138.0,-48.931,131.145,2013-10-27 07:35:57.998944256
1901404 ,138.0,-48.931,131.145,2013-10-27 07:35:57.998944256
1901407 ,134.0,-40.603,110.059,2013-10-06 10:22:16.998366720
1901407 ,134.0,-40.603,110.059,2013-10-06 10:22:16.998366720
1901407 ,135.0,-40.666,110.456,2013-10-16 14:14:59.000930816
1901407 ,135.0,-40.666,110.456,2013-10-16 14:14:59.000930816
1901407 ,136.0,-41.016,111.283,2013-10-26 18:17:32.998349824
1901407 ,136.0,-41.016,111.283,2013-10-26 18:17:32.998349824
1901409 ,133.0,-33.789,91.154,2013-10-01 21:34:00.001485312
1901409 ,133.0,-33.789,91.154,2013-10-01 21:34:00.001485312
1901409 ,134.0,-33.825,91.658,2013-10-12 01:32:51.000478208
1901409 ,134.0,-33.825,91.658,2013-10-12 01:32:51.000478208
1901409 ,135.0,-33.359,91.683,2013-10-22 05:33:33.999505920
1901409 ,135.0,-33.359,91.683,2013-10-22 05:33:33.999505920
1901410 ,134.0,-31.314,72.843,2013-10-05 11:22:33.999712256
1901410 ,134.0,-31.314,72.843,2013-10-05 11:22:33.999712256
1901410 ,135.0,-31.747,72.253,2013-10-15 15:08:07.998958848
1901410 ,135.0,-31.747,72.253,2013-10-15 15:08:07.998958848
1901410 ,136.0,-32.192,71.737,2013-10-25 19:04:29.997600768
1901410 ,136.0,-32.192,71.737,2013-10-25 19:04:29.997600768
1901416,138.0,-26.118,59.391,2013-10-02 18:19:17.760000000
1901416,139.0,-26.795,59.375,2013-10-12 18:11:46.752000000
1901416,140.0,-27.333,58.825,2013-10-22 18:04:14.879999744
1901418,138.0,-41.958,59.746,2013-10-04 17:39:34.848000256
1901418,139.0,-41.996,58.662,2013-10-14 17:25:46.272000000
1901418,140.0,-43.524,58.713,2013-10-24 17:11:56.832000000
1901419,138.0,-25.957,59.766,2013-10-05 20:44:06.144000000
1901419,139.0,-26.478,59.685,2013-10-15 20:45:17.856000000
1901419,140.0,-26.767,59.481,2013-10-25 20:44:51.936000000
1901422,138.0,-28.078,47.547,2013-10-08 13:55:41.376000000
1901422,139.0,-28.463,47.744,2013-10-18 13:56:18.528000000
1901422,140.0,-28.561,47.954,2013-10-28 13:56:56.544000000
1901423,138.0,-37.577,36.818,2013-10-08 09:21:06.624000000
1901423,139.0,-38.218,37.05,2013-10-18 07:46:57.792000000
1901423,140.0,-38.066,39.703,2013-10-28 06:12:48.960000000
1901424,138.0,-30.546,54.117,2013-10-09 07:23:41.568000256
1901424,139.0,-30.503,54.103,2013-10-19 07:14:23.424000000
1901424,140.0,-30.577,54.197,2013-10-29 07:05:06.144000000
1901425,138.0,-36.431,47.648,2013-10-09 16:50:57.120000000
1901425,139.0,-36.197,48.128,2013-10-19 16:40:44.544000000
1901425,140.0,-36.636,49.234,2013-10-29 16:30:31.103999744
1901426,137.0,-46.245,119.764,2013-10-01 03:10:32.448000000
1901426,138.0,-47.509,120.885,2013-10-11 02:53:32.064000000
1901426,139.0,-48.972,122.126,2013-10-21 02:36:34.272000000
1901426,140.0,-48.464,124.13,2013-10-31 02:19:37.344000000
1901427,137.0,-36.993,63.59,2013-10-02 02:05:42.720000000
1901427,138.0,-36.837,64.565,2013-10-12 01:52:48.576000000
1901427,139.0,-37.717,64.918,2013-10-22 01:39:54.432000000
1901429,137.0,-35.319,69.368,2013-10-10 20:13:08.544000000
1901429,138.0,-35.265,68.972,2013-10-20 19:51:37.728000000
1901429,139.0,-34.78,68.985,2013-10-30 19:30:06.047999744
1901430,136.0,-50.067,107.939,2013-10-01 02:09:34.272000000
1901430,137.0,-50.102,109.454,2013-10-11 01:37:03.360000000
1901430,138.0,-50.443,110.145,2013-10-21 01:07:50.304000000
1901430,139.0,-50.46,110.148,2013-10-31 00:38:38.112000000
1901431,136.0,-26.074,35.822,2013-10-03 10:02:57.408000256
1901431,137.0,-27.103,34.734,2013-10-13 09:27:46.656000000
1901431,138.0,-28.279,34.291,2013-10-23 08:57:18.432000000
1901432,137.0,-35.18,53.574,2013-10-09 20:38:51.648000000
1901432,138.0,-35.489,53.867,2013-10-19 19:57:49.248000000
1901432,139.0,-35.384,53.61,2013-10-29 19:16:46.848000000
1901433,137.0,-54.231,144.624,2013-10-05 19:16:26.976000000
1901433,138.0,-53.91,144.462,2013-10-15 17:42:59.616000000
1901433,139.0,-53.891,144.715,2013-10-25 16:09:33.120000000
1901435,137.0,-54.105,127.358,2013-10-07 01:20:09.024000256
1901435,138.0,-54.869,126.572,2013-10-16 23:11:04.128000000
1901435,139.0,-55.285,126.86,2013-10-26 21:02:35.519999744
1901436,137.0,-45.206,120.324,2013-10-06 18:30:52.416000000
1901436,138.0,-46.007,121.03,2013-10-16 16:05:20.832000000
1901436,139.0,-46.837,121.517,2013-10-26 13:46:33.600000000
1901437,136.0,-32.049,81.484,2013-10-01 09:39:16.128000000
1901437,137.0,-31.748,81.281,2013-10-11 08:45:54.144000000
1901437,138.0,-31.413,80.75,2013-10-21 07:52:32.160000000
1901437,139.0,-30.986,79.792,2013-10-31 06:59:11.040000000
1901439,137.0,-46.593,127.406,2013-10-08 23:24:09.504000000
1901439,138.0,-46.042,128.226,2013-10-18 21:01:01.344000000
1901439,139.0,-45.848,128.233,2013-10-28 18:37:54.048000000
1901441 ,117.0,1.995,90.668,2013-10-09 00:47:14.000068352
1901441 ,118.0,1.979,90.06,2013-10-19 15:19:38.001637120
1901441 ,119.0,1.81,89.932,2013-10-30 11:23:35.001213696
1901442 ,117.0,2.544,90.431,2013-10-06 02:52:32.000290048
1901442 ,118.0,2.433,90.216,2013-10-16 17:42:20.001884928
1901442 ,119.0,2.37,89.973,2013-10-27 14:28:45.001542656
1901443 ,116.0,-4.464,84.643,2013-10-01 03:14:59.000342272
1901443 ,117.0,-4.457,85.0,2013-10-11 21:22:45.002284800
1901443 ,118.0,-4.592,85.755,2013-10-22 15:05:33.001616384
1901444 ,117.0,-3.329,87.828,2013-10-11 11:26:46.001218048
1901444 ,118.0,-3.016,87.239,2013-10-22 05:46:34.000603136
1901445 ,115.0,-1.684,98.253,2013-10-01 09:02:00.000968448
1901445 ,116.0,-1.364,97.789,2013-10-12 06:55:52.000723456
1901445 ,117.0,-2.05,97.843,2013-10-22 21:16:31.002276352
1901446 ,116.0,-11.619,78.579,2013-10-05 09:20:05.000994560
1901446 ,117.0,-11.666,78.543,2013-10-16 03:12:45.000339200
1901446 ,118.0,-11.703,78.427,2013-10-26 21:26:02.002290688
1901447 ,116.0,-9.019,89.644,2013-10-01 13:38:13.001449728
1901447 ,117.0,-8.89,89.045,2013-10-12 03:41:39.000381440
1901447 ,118.0,-8.797,88.332,2013-10-23 01:22:32.000139264
1901509 ,102.0,-5.273,53.314,2013-10-09 06:24:07.000678656
1901509 ,103.0,-5.305,53.263,2013-10-19 15:07:41.001619456
1901509 ,104.0,-5.333,53.268,2013-10-30 09:07:16.000975616
1901510 ,101.0,-13.903,51.842,2013-10-02 10:58:15.001157120
1901510 ,102.0,-14.317,52.34,2013-10-13 06:47:42.000711680
1901510 ,103.0,-14.948,52.322,2013-10-24 01:17:40.000131840
1901511 ,101.0,-18.271,50.771,2013-10-01 04:56:55.000510464
1901511 ,102.0,-18.324,50.008,2013-10-12 01:40:25.000165376
1901511 ,103.0,-18.821,50.021,2013-10-22 16:16:45.001739776
1901513 ,102.0,-8.437,46.176,2013-10-11 03:05:39.000329216
1901513 ,103.0,-8.22,45.95,2013-10-21 21:03:01.002257408
1901514 ,102.0,-6.057,46.072,2013-10-11 18:56:36.002012416
1901514 ,103.0,-6.101,46.223,2013-10-22 12:41:24.001347072
1901515 ,102.0,-4.621,48.957,2013-10-11 13:28:26.001435136
1901515 ,103.0,-4.72,49.392,2013-10-22 07:08:45.000762368
1901517 ,101.0,-9.991,44.123,2013-10-02 19:26:32.002076160
1901517 ,102.0,-9.856,43.455,2013-10-13 13:35:56.001445376
1901517 ,103.0,-9.214,43.414,2013-10-24 07:47:17.000819200
1901551,96.0,-47.59,29.696,2013-10-08 13:09:04.608000000
1901551,97.0,-48.11,29.59,2013-10-18 11:46:11.424000000
1901551,98.0,-48.259,30.463,2013-10-28 10:23:18.240000000
1901552,96.0,-45.771,43.829,2013-10-09 20:11:24.864000000
1901552,97.0,-45.742,44.012,2013-10-19 19:00:58.176000000
1901552,98.0,-45.635,44.025,2013-10-29 17:57:46.080000000
1901553,96.0,-48.657,53.527,2013-10-10 20:27:13.536000000
1901553,97.0,-48.156,53.971,2013-10-20 19:24:11.808000000
1901553,98.0,-47.864,54.394,2013-10-30 18:21:10.944000000
1901556 ,74.0,-42.221,40.994,2013-10-05 18:22:47.001963264
1901556 ,75.0,-42.045,41.684,2013-10-15 16:56:58.001797632
1901556 ,76.0,-41.8,42.065,2013-10-25 18:09:01.001944064
1901604 ,55.0,-10.972,40.985,2013-10-10 22:11:50.002376192
1901604 ,56.0,-11.347,40.835,2013-10-21 13:49:20.001465856
1901605 ,55.0,-23.34,51.582,2013-10-11 07:42:41.000811776
1901605 ,56.0,-23.157,52.05,2013-10-21 21:22:31.002285056
1901606 ,55.0,-9.346,53.327,2013-10-03 10:42:57.001133824
1901606 ,56.0,-9.302,53.019,2013-10-14 02:14:41.000234752
1901606 ,57.0,-9.116,52.577,2013-10-24 21:07:53.002263040
1901607 ,55.0,-9.688,56.804,2013-10-04 11:39:20.001236736
1901607 ,56.0,-10.271,56.882,2013-10-15 05:50:08.000609024
1901607 ,57.0,-10.663,57.258,2013-10-25 22:29:13.002402304
1901608 ,63.0,-33.77247,37.26112,2013-10-02 01:34:15.744000256
1901608 ,63.0,-33.77247,37.26112,2013-10-02 01:34:15.744000256
1901608 ,64.0,-33.54799,38.20456,2013-10-12 00:50:03.264000000
1901608 ,64.0,-33.54799,38.20456,2013-10-12 00:50:03.264000000
1901608 ,65.0,-33.66965,38.95523,2013-10-22 00:02:12.192000000
1901608 ,65.0,-33.66965,38.95523,2013-10-22 00:02:12.192000000
1901608 ,66.0,-33.68013,39.35733,2013-10-31 23:23:10.751999744
1901608 ,66.0,-33.68013,39.35733,2013-10-31 23:23:10.751999744
1901609 ,63.0,-36.01497,35.01839,2013-10-02 21:16:47.424000000
1901609 ,63.0,-36.01497,35.01839,2013-10-02 21:16:47.424000000
1901609 ,64.0,-37.05831,33.5537,2013-10-12 21:20:41.568000000
1901609 ,64.0,-37.05831,33.5537,2013-10-12 21:20:41.568000000
1901609 ,65.0,-39.14853,33.41426,2013-10-22 21:32:44.736000000
1901609 ,65.0,-39.14853,33.41426,2013-10-22 21:32:44.736000000
1901611 ,62.0,-44.95684,114.03468,2013-10-02 08:20:05.856000256
1901611 ,62.0,-44.95684,114.03468,2013-10-02 08:20:05.856000256
1901611 ,63.0,-45.09122,114.40852,2013-10-12 08:08:51.072000000
1901611 ,63.0,-45.09122,114.40852,2013-10-12 08:08:51.072000000
1901611 ,64.0,-44.89731,114.89609,2013-10-22 07:53:25.728000000
1901611 ,64.0,-44.89731,114.89609,2013-10-22 07:53:25.728000000
1901612 ,63.0,-51.92944,100.72071,2013-10-12 04:22:44.544000000
1901612 ,63.0,-51.92944,100.72071,2013-10-12 04:22:44.544000000
1901612 ,64.0,-51.95293,100.60563,2013-10-22 04:09:13.248000000
1901612 ,64.0,-51.95293,100.60563,2013-10-22 04:09:13.248000000
1901613 ,62.0,-43.48918,105.70314,2013-10-02 12:16:20.640000000
1901613 ,62.0,-43.48918,105.70314,2013-10-02 12:16:20.640000000
1901613 ,63.0,-44.04243,106.30422,2013-10-12 11:03:34.848000000
1901613 ,63.0,-44.04243,106.30422,2013-10-12 11:03:34.848000000
1901613 ,64.0,-44.26425,106.11363,2013-10-22 09:55:48.864000000
1901613 ,64.0,-44.26425,106.11363,2013-10-22 09:55:48.864000000
1901679 ,126.0,-37.09106,33.87216,2013-10-01 23:47:15.002535936
1901679 ,126.0,-37.09106,33.87216,2013-10-01 23:47:15.002535936
1901679 ,127.0,-38.4854,32.88796,2013-10-11 20:00:58.002145536
1901679 ,127.0,-38.4854,32.88796,2013-10-11 20:00:58.002145536
1901679 ,128.0,-40.33025,33.36005,2013-10-21 16:24:30.001751552
1901679 ,128.0,-40.33025,33.36005,2013-10-21 16:24:30.001751552
1901679 ,129.0,-41.18596,34.47596,2013-10-31 12:55:59.001367296
1901679 ,129.0,-41.18596,34.47596,2013-10-31 12:55:59.001367296
1901680 ,79.0,-36.81939,39.27644,2013-10-04 14:16:52.001525248
1901680 ,79.0,-36.81939,39.27644,2013-10-04 14:16:52.001525248
1901680 ,80.0,-36.64545,39.3041,2013-10-09 13:45:00.001460224
1901680 ,80.0,-36.64545,39.3041,2013-10-09 13:45:00.001460224
1901680 ,81.0,-36.53244,39.21323,2013-10-14 12:51:12.001361408
1901680 ,81.0,-36.53244,39.21323,2013-10-14 12:51:12.001361408
1901680 ,82.0,-36.43236,39.03021,2013-10-19 12:08:44.001298944
1901680 ,82.0,-36.43236,39.03021,2013-10-19 12:08:44.001298944
1901680 ,83.0,-36.40823,38.79271,2013-10-24 11:11:38.001196288
1901680 ,83.0,-36.40823,38.79271,2013-10-24 11:11:38.001196288
1901680 ,84.0,-36.45803,38.57362,2013-10-29 10:24:58.001107456
1901680 ,84.0,-36.45803,38.57362,2013-10-29 10:24:58.001107456
2900939 ,176.0,4.115,90.427,2013-10-02 16:23:26.999999232
2900939 ,177.0,4.315,90.253,2013-10-12 19:51:57.000018176
2900939 ,178.0,4.082,89.956,2013-10-22 16:29:52.999997696
2900943 ,176.0,4.451,90.837,2013-10-04 21:43:07.000005888
2900943 ,177.0,4.387,90.877,2013-10-14 22:46:03.000005632
2900943 ,178.0,4.088,91.111,2013-10-25 01:46:33.000005120
2901099 ,71.0,2.186,53.813,2013-10-09 03:38:13.999999488
2901099 ,72.0,2.806,53.19,2013-10-19 01:20:28.999999232
2901099 ,73.0,3.422,53.131,2013-10-29 03:45:46.999996416
2901100 ,71.0,10.193,51.811,2013-10-09 12:20:12.000004096
2901102 ,71.0,4.819,51.653,2013-10-09 14:15:13.000000000
2901102 ,72.0,3.717,50.984,2013-10-19 16:02:25.000004864
2901102 ,73.0,3.328,51.22,2013-10-29 16:45:12.999996416
2901283 ,215.0,19.195,88.899,2013-10-04 19:38:24.000002048
2901283 ,216.0,19.255,89.37,2013-10-09 21:05:47.000008704
2901283 ,217.0,19.309,89.538,2013-10-14 16:37:29.999973120
2901283 ,218.0,19.553,89.799,2013-10-19 17:05:28.999999232
2901283 ,219.0,19.781,89.976,2013-10-24 17:02:38.999995904
2901283 ,220.0,19.842,90.228,2013-10-29 16:28:17.999990016
2901309 ,92.0,-15.838,83.251,2013-10-03 20:57:40.999989504
2901309 ,93.0,-16.092,83.721,2013-10-13 15:02:37.999987968
2901309 ,94.0,-16.382,84.072,2013-10-23 12:14:04.000008704
2901310 ,172.0,-18.386,75.461,2013-10-05 01:17:00.000000000
2901310 ,172.0,-18.386,75.461,2013-10-05 01:17:00.000000000
2901310 ,173.0,-18.224,75.489,2013-10-10 01:11:00.000000000
2901310 ,173.0,-18.224,75.489,2013-10-10 01:11:00.000000000
2901310 ,174.0,-18.116,75.566,2013-10-15 01:04:59.999999744
2901310 ,174.0,-18.116,75.566,2013-10-15 01:04:59.999999744
2901310 ,175.0,-18.021,75.667,2013-10-20 01:11:00.000000000
2901310 ,175.0,-18.021,75.667,2013-10-20 01:11:00.000000000
2901310 ,176.0,-17.954,75.763,2013-10-25 01:23:00.000000000
2901310 ,176.0,-17.954,75.763,2013-10-25 01:23:00.000000000
2901310 ,177.0,-17.94,75.947,2013-10-30 01:11:00.000000000
2901310 ,177.0,-17.94,75.947,2013-10-30 01:11:00.000000000
2901312 ,168.0,-2.242,85.098,2013-10-02 01:24:00.000000000
2901312 ,168.0,-2.242,85.098,2013-10-02 01:24:00.000000000
2901312 ,169.0,-2.548,85.169,2013-10-07 01:24:00.000000000
2901312 ,169.0,-2.548,85.169,2013-10-07 01:24:00.000000000
2901312 ,170.0,-2.997,85.361,2013-10-12 01:24:00.000000000
2901312 ,170.0,-2.997,85.361,2013-10-12 01:24:00.000000000
2901312 ,171.0,-2.86,85.751,2013-10-17 01:18:00.000000256
2901312 ,171.0,-2.86,85.751,2013-10-17 01:18:00.000000256
2901312 ,172.0,-2.28,85.754,2013-10-22 01:12:00.000000256
2901312 ,172.0,-2.28,85.754,2013-10-22 01:12:00.000000256
2901312 ,173.0,-1.781,85.436,2013-10-27 01:30:00.000000256
2901312 ,173.0,-1.781,85.436,2013-10-27 01:30:00.000000256
2901322 ,169.0,-10.279,46.232,2013-10-01 01:56:00.000000000
2901322 ,169.0,-10.279,46.232,2013-10-01 01:56:00.000000000
2901322 ,170.0,-10.124,45.691,2013-10-06 01:44:00.000000000
2901322 ,170.0,-10.124,45.691,2013-10-06 01:44:00.000000000
2901322 ,171.0,-10.058,45.198,2013-10-11 01:44:00.000000000
2901322 ,171.0,-10.058,45.198,2013-10-11 01:44:00.000000000
2901322 ,172.0,-9.975,44.928,2013-10-16 01:39:00.000000000
2901322 ,172.0,-9.975,44.928,2013-10-16 01:39:00.000000000
2901322 ,173.0,-10.053,44.483,2013-10-21 01:39:00.000000000
2901322 ,173.0,-10.053,44.483,2013-10-21 01:39:00.000000000
2901322 ,174.0,-10.143,43.938,2013-10-26 01:51:00.000000000
2901322 ,174.0,-10.143,43.938,2013-10-26 01:51:00.000000000
2901322 ,175.0,-10.368,43.43,2013-10-31 01:51:00.000000000
2901322 ,175.0,-10.368,43.43,2013-10-31 01:51:00.000000000
2901340 ,66.0,19.716,67.228,2013-10-05 16:09:21.999995904
2901351 ,48.0,-5.116,63.509,2013-10-09 05:42:00.000000256
2901351 ,48.0,-5.116,63.509,2013-10-09 05:42:00.000000256
2901351 ,49.0,-5.124,63.514,2013-10-19 05:36:00.000000000
2901351 ,49.0,-5.124,63.514,2013-10-19 05:36:00.000000000
2901351 ,50.0,-5.005,63.128,2013-10-29 05:36:00.000000000
2901351 ,50.0,-5.005,63.128,2013-10-29 05:36:00.000000000
2901372 ,301.0,17.54,66.467,2013-10-03 10:25:26.001108992
2901372 ,302.0,17.437,66.438,2013-10-07 10:26:14.001110784
2901372 ,303.0,17.319,66.397,2013-10-11 10:29:51.001114880
2901372 ,304.0,17.227,66.412,2013-10-15 10:20:10.001101824
2901372 ,305.0,17.191,66.488,2013-10-19 10:23:47.001106176
2901372 ,306.0,17.154,66.497,2013-10-23 10:30:54.001116416
2901372 ,307.0,17.131,66.519,2013-10-27 10:31:43.001117952
2901372 ,308.0,17.217,66.562,2013-10-31 10:33:56.001120768
2901398 ,76.0,19.344,65.252,2013-10-02 11:35:23.001231104
2901398 ,77.0,19.439,65.219,2013-10-06 11:40:06.001238528
2901398 ,78.0,19.56,65.245,2013-10-10 11:33:19.001228032
2901398 ,79.0,19.66,65.31,2013-10-14 11:37:16.001233920
2901398 ,80.0,19.756,65.306,2013-10-18 11:34:19.001229568
2901398 ,81.0,19.836,65.325,2013-10-22 11:29:03.001222400
2901398 ,82.0,19.879,65.331,2013-10-26 11:29:10.001222144
2901398 ,83.0,19.912,65.336,2013-10-30 11:34:39.001229568
2901403 ,74.0,24.792,59.865,2013-10-04 21:22:23.002285056
2901403 ,75.0,24.812,59.859,2013-10-08 21:23:12.002286336
2901403 ,76.0,24.804,59.92,2013-10-12 21:22:37.002284800
2901403 ,77.0,24.88,59.965,2013-10-16 21:27:38.002292480
2901403 ,78.0,24.926,59.995,2013-10-20 21:32:39.002299648
2901403 ,79.0,24.945,59.977,2013-10-24 21:18:46.002279168
2901403 ,80.0,24.949,60.003,2013-10-28 21:18:53.002278912
2901407 ,193.0,-3.637,74.738,2013-10-02 11:55:46.001260032
2901407 ,194.0,-3.785,74.648,2013-10-06 11:56:39.001261568
2901407 ,195.0,-3.988,74.815,2013-10-10 11:52:56.001255680
2901407 ,196.0,-4.2,74.991,2013-10-14 11:59:56.001265664
2901407 ,197.0,-4.48,75.23,2013-10-18 12:00:03.001287424
2901407 ,198.0,-4.41,75.522,2013-10-22 11:58:38.001264640
2901407 ,199.0,-4.138,75.608,2013-10-26 11:54:09.001258496
2901407 ,200.0,-3.769,75.55,2013-10-30 11:59:38.001265920
2901412 ,193.0,-3.379,71.424,2013-10-02 22:23:10.002393600
2901412 ,194.0,-3.245,71.484,2013-10-06 22:25:29.002396416
2901412 ,195.0,-3.382,71.45,2013-10-10 22:23:23.002393856
2901412 ,196.0,-3.358,71.489,2013-10-14 22:20:34.002389248
2901412 ,197.0,-3.476,71.375,2013-10-18 22:27:17.002399488
2901412 ,198.0,-3.375,71.313,2013-10-22 22:25:56.002396672
2901412 ,199.0,-3.423,71.347,2013-10-26 22:33:23.002408448
2901412 ,200.0,-3.358,71.518,2013-10-30 22:16:38.002383616
2901413 ,100.0,24.589,57.543,2013-10-02 20:10:15.002160384
2901413 ,101.0,24.534,57.494,2013-10-06 20:09:38.002158848
2901413 ,102.0,24.541,57.472,2013-10-10 20:14:53.002166016
2901413 ,103.0,24.477,57.495,2013-10-14 20:20:52.002174720
2901413 ,104.0,24.466,57.48,2013-10-18 20:15:50.002167296
2901415 ,111.0,18.829,61.192,2013-10-03 18:15:05.001952768
2901415 ,112.0,18.708,61.212,2013-10-07 18:17:17.001955840
2901415 ,113.0,18.647,61.23,2013-10-11 18:18:48.001957120
2901415 ,114.0,18.626,61.215,2013-10-15 18:12:37.001948416
2901415 ,115.0,18.569,61.147,2013-10-19 18:14:08.001951488
2901415 ,116.0,18.475,61.09,2013-10-23 18:14:14.001951744
2901415 ,117.0,18.357,61.133,2013-10-27 18:16:27.001954560
2901415 ,118.0,18.245,61.253,2013-10-31 18:12:22.001948672
2901416 ,100.0,24.234,65.105,2013-10-02 20:06:21.002154240
2901416 ,101.0,24.232,65.1,2013-10-06 20:03:32.002150144
2901416 ,102.0,24.275,64.96,2013-10-10 20:08:03.002157568
2901416 ,103.0,24.098,64.916,2013-10-14 20:08:10.002157312
2901416 ,104.0,24.045,64.962,2013-10-18 20:10:29.002160128
2901416 ,105.0,24.143,64.941,2013-10-22 20:14:16.002166016
2901416 ,106.0,24.065,64.786,2013-10-26 20:15:06.002167808
2901416 ,107.0,23.878,64.695,2013-10-30 20:11:33.002161664
2901427 ,126.0,14.502,60.758,2013-10-01 09:00:45.000965376
2901427 ,127.0,14.743,60.687,2013-10-05 09:00:07.000965632
2901427 ,128.0,14.938,60.693,2013-10-09 09:02:26.000968192
2901427 ,129.0,14.943,60.73,2013-10-13 09:01:49.000966912
2901427 ,130.0,14.786,61.04,2013-10-17 09:13:40.000984320
2901427 ,131.0,14.48,61.271,2013-10-21 09:10:07.000980224
2901427 ,132.0,13.988,61.365,2013-10-25 09:20:30.000994816
2901427 ,133.0,13.558,61.362,2013-10-29 09:14:01.000985856
2901432 ,138.0,14.684,65.975,2013-10-03 06:33:29.000691456
2901432 ,139.0,14.531,65.934,2013-10-07 06:38:00.000698880
2901432 ,140.0,14.444,65.902,2013-10-11 06:33:43.000691712
2901432 ,141.0,14.375,65.906,2013-10-15 06:36:02.000695808
2901432 ,142.0,14.423,65.957,2013-10-19 06:35:25.000694528
2901432 ,143.0,14.484,65.914,2013-10-23 06:32:36.000690176
2901432 ,144.0,14.488,65.872,2013-10-27 06:43:43.000706304
2901432 ,145.0,14.493,65.898,2013-10-31 06:37:58.000697088
2901444 ,92.0,22.452,65.757,2013-10-01 05:29:47.000578560
2901444 ,93.0,22.501,65.796,2013-10-05 05:33:24.000584448
2901444 ,94.0,22.503,65.843,2013-10-09 05:34:54.000585984
2901444 ,95.0,22.476,65.885,2013-10-13 05:30:49.000579840
2901444 ,96.0,22.477,65.878,2013-10-17 05:26:02.000573952
2901444 ,97.0,22.507,65.953,2013-10-21 05:31:03.000581632
2901444 ,98.0,22.501,66.024,2013-10-25 05:31:10.000581376
2901444 ,99.0,22.503,66.029,2013-10-29 05:27:05.000575488
2901451 ,8.0,12.383,47.667,2013-10-01 05:24:22.000571392
2901451 ,9.0,12.414,47.964,2013-10-05 05:24:29.000571136
2901451 ,10.0,12.519,47.986,2013-10-09 05:24:36.000571136
2901451 ,11.0,12.683,47.914,2013-10-13 05:19:20.000563968
2901451 ,12.0,12.85,47.971,2013-10-17 05:19:27.000563968
2901451 ,13.0,13.013,47.797,2013-10-21 05:20:20.000565504
2901451 ,14.0,13.216,47.747,2013-10-25 05:21:13.000566784
2901451 ,15.0,13.427,47.773,2013-10-29 05:21:20.000567040
2901453 ,8.0,12.647,55.017,2013-10-01 05:11:34.000552192
2901453 ,9.0,12.149,55.499,2013-10-05 05:17:59.000561152
2901453 ,10.0,11.951,55.791,2013-10-09 05:21:36.000566784
2901453 ,11.0,11.819,55.939,2013-10-13 05:21:01.000566784
2901453 ,12.0,11.722,56.349,2013-10-17 05:21:50.000566784
2901453 ,13.0,11.409,57.217,2013-10-21 05:28:15.000577280
2901453 ,14.0,11.075,57.947,2013-10-25 05:12:16.000553728
2901453 ,15.0,10.836,58.211,2013-10-29 05:20:47.000565504
2901454 ,1.0,23.009,61.191,2013-10-10 17:23:02.001857280
2901454 ,2.0,23.194,61.399,2013-10-14 17:46:50.001890560
2901454 ,3.0,23.285,61.181,2013-10-18 17:41:49.001883392
2901454,4.0,23.068,61.021,2013-10-22 17:37:04.001307904
2901454 ,5.0,22.965,61.298,2013-10-26 17:50:06.001896704
2901454 ,6.0,23.191,61.439,2013-10-30 17:37:01.001877504
2901455 ,1.0,23.94,59.284,2013-10-11 05:08:38.000548096
2901455 ,2.0,24.007,59.201,2013-10-15 05:20:39.000565504
2901455 ,3.0,24.134,59.103,2013-10-19 05:22:10.000568320
2901455,4.0,24.223,59.02,2013-10-23 05:12:16.998791936
2901455,5.0,24.301,59.002,2013-10-27 05:18:00.000110080
2901455,6.0,24.295,59.075,2013-10-31 05:14:36.999802880
2901456,1.0,4.873,53.571,2013-10-04 09:51:39.998755840
